{
  "schemaVersion": 1,
  "suite": "microsoft-excel-live-recalculation-performance",
  "generatedAt": "2026-05-06T16:59:32.937Z",
  "host": {
    "arch": "arm64",
    "platform": "darwin"
  },
  "source": {
    "artifactGenerator": "scripts/gen-microsoft-excel-live-recalculation-scorecard.ts",
    "implementationPackage": "packages/headless",
    "evidenceKind": "live-local-microsoft-excel-automation",
    "appleScriptTransport": "osascript"
  },
  "benchmark": {
    "sampleCount": 5,
    "warmupCount": 1,
    "screenUpdating": false,
    "calculationMode": "manual-during-measurement"
  },
  "microsoftExcel": {
    "appPath": "/Applications/Microsoft Excel.app",
    "version": "16.108.2"
  },
  "summary": {
    "allRequiredCasesPassed": true,
    "requiredCaseCount": 4,
    "tenXMeanAndP95CaseCount": 3,
    "workpaperWins": 4,
    "coveredWorkloads": [
      "dirty-fanout-edit",
      "suspended-batch-single-column-edit",
      "conditional-aggregation-criteria-edit",
      "full-rebuild-recalculate"
    ],
    "googleSheetsEvidence": "not-covered-by-this-artifact"
  },
  "cases": [
    {
      "id": "excel-live-recalculation-dirty-fanout-edit",
      "workload": "dirty-fanout-edit",
      "fixture": {
        "rowCount": 1,
        "formulaCount": 1000,
        "materializedCells": 1001
      },
      "sampleCount": 5,
      "workpaperElapsedMs": {
        "samples": [0.4647920000002159, 0.5143750000002001, 0.5599999999999454, 0.7551249999996799, 0.8527079999998932],
        "min": 0.4647920000002159,
        "median": 0.5599999999999454,
        "p95": 0.8527079999998932,
        "max": 0.8527079999998932,
        "mean": 0.6293999999999869,
        "standardDeviation": 0.14887319622938325,
        "relativeStandardDeviation": 0.23653192918555188,
        "standardError": 0.06657811735931327,
        "confidence95": {
          "low": 0.49890688997573285,
          "high": 0.7598931100242409
        }
      },
      "microsoftExcelElapsedMs": {
        "samples": [17.293930053711, 33.257007598877, 37.935018539429, 52.519917488098, 72.568893432617],
        "min": 17.293930053711,
        "median": 37.935018539429,
        "p95": 72.568893432617,
        "max": 72.568893432617,
        "mean": 42.7149534225464,
        "standardDeviation": 18.686487097690865,
        "relativeStandardDeviation": 0.4374694480604889,
        "standardError": 8.356851082221905,
        "confidence95": {
          "low": 26.335525301391467,
          "high": 59.09438154370133
        }
      },
      "workpaperToMicrosoftExcelMeanRatio": 0.014734886721608087,
      "workpaperToMicrosoftExcelP95Ratio": 0.011750323860066369,
      "tenXMeanAndP95": true,
      "verification": {
        "workpaper": {
          "terminalValue": 1007,
          "width": 1001
        },
        "microsoftExcel": {
          "terminalValue": 1007,
          "width": 1001
        },
        "equivalent": true
      },
      "passed": true
    },
    {
      "id": "excel-live-recalculation-suspended-batch-single-column-edit",
      "workload": "suspended-batch-single-column-edit",
      "fixture": {
        "rowCount": 1000,
        "formulaCount": 1000,
        "materializedCells": 2000
      },
      "sampleCount": 5,
      "workpaperElapsedMs": {
        "samples": [0.7122909999998228, 0.9931660000002012, 1.0488750000004075, 1.1437499999992724, 1.41150000000016],
        "min": 0.7122909999998228,
        "median": 1.0488750000004075,
        "p95": 1.41150000000016,
        "max": 1.41150000000016,
        "mean": 1.0619163999999728,
        "standardDeviation": 0.22629186791278139,
        "relativeStandardDeviation": 0.21309762982546196,
        "standardError": 0.10120079988167652,
        "confidence95": {
          "low": 0.8635628322318868,
          "high": 1.2602699677680587
        }
      },
      "microsoftExcelElapsedMs": {
        "samples": [16.252040863037, 33.481955528259, 44.608950614929, 44.751048088074, 47.55699634552],
        "min": 16.252040863037,
        "median": 44.608950614929,
        "p95": 47.55699634552,
        "max": 47.55699634552,
        "mean": 37.330198287963796,
        "standardDeviation": 11.590809622030287,
        "relativeStandardDeviation": 0.31049418844816207,
        "standardError": 5.183567645823673,
        "confidence95": {
          "low": 27.170405702149395,
          "high": 47.4899908737782
        }
      },
      "workpaperToMicrosoftExcelMeanRatio": 0.02844657807087946,
      "workpaperToMicrosoftExcelP95Ratio": 0.029680175546518243,
      "tenXMeanAndP95": true,
      "verification": {
        "workpaper": {
          "sampleFormulaValue": 13986,
          "height": 1000
        },
        "microsoftExcel": {
          "sampleFormulaValue": 13986,
          "height": 1000
        },
        "equivalent": true
      },
      "passed": true
    },
    {
      "id": "excel-live-recalculation-conditional-aggregation-criteria-edit",
      "workload": "conditional-aggregation-criteria-edit",
      "fixture": {
        "rowCount": 1000,
        "formulaCount": 16,
        "materializedCells": 2020
      },
      "sampleCount": 5,
      "workpaperElapsedMs": {
        "samples": [0.4660829999993439, 0.7257909999989351, 1.1227919999982987, 1.6540829999994457, 2.1158749999995052],
        "min": 0.4660829999993439,
        "median": 1.1227919999982987,
        "p95": 2.1158749999995052,
        "max": 2.1158749999995052,
        "mean": 1.2169247999991057,
        "standardDeviation": 0.6021719947114408,
        "relativeStandardDeviation": 0.4948309005715746,
        "standardError": 0.26929950286428506,
        "confidence95": {
          "low": 0.689097774385107,
          "high": 1.7447518256131045
        }
      },
      "microsoftExcelElapsedMs": {
        "samples": [44.42298412323, 44.553995132446, 54.242014884949, 63.902974128723, 70.900917053223],
        "min": 44.42298412323,
        "median": 54.242014884949,
        "p95": 70.900917053223,
        "max": 70.900917053223,
        "mean": 55.6045770645142,
        "standardDeviation": 10.505630569561747,
        "relativeStandardDeviation": 0.18893463675432293,
        "standardError": 4.69826082000798,
        "confidence95": {
          "low": 46.39598585729856,
          "high": 64.81316827172984
        }
      },
      "workpaperToMicrosoftExcelMeanRatio": 0.02188533506130603,
      "workpaperToMicrosoftExcelP95Ratio": 0.02984270285828866,
      "tenXMeanAndP95": true,
      "verification": {
        "workpaper": {
          "sampleSumValue": 250000,
          "sampleCountValue": 500
        },
        "microsoftExcel": {
          "sampleSumValue": 250000,
          "sampleCountValue": 500
        },
        "equivalent": true
      },
      "passed": true
    },
    {
      "id": "excel-live-recalculation-full-rebuild-recalculate",
      "workload": "full-rebuild-recalculate",
      "fixture": {
        "rowCount": 1000,
        "formulaCount": 4000,
        "materializedCells": 6000
      },
      "sampleCount": 5,
      "workpaperElapsedMs": {
        "samples": [5.0153339999997115, 5.640708000002633, 5.693500000001222, 5.80266599999959, 8.461290999999619],
        "min": 5.0153339999997115,
        "median": 5.693500000001222,
        "p95": 8.461290999999619,
        "max": 8.461290999999619,
        "mean": 6.1226998000005555,
        "standardDeviation": 1.2011842500176508,
        "relativeStandardDeviation": 0.19618539031058518,
        "standardError": 0.537185927308314,
        "confidence95": {
          "low": 5.06981538247626,
          "high": 7.175584217524851
        }
      },
      "microsoftExcelElapsedMs": {
        "samples": [17.724990844727, 19.878029823303, 22.840023040771, 41.432976722717, 91.385006904602],
        "min": 17.724990844727,
        "median": 22.840023040771,
        "p95": 91.385006904602,
        "max": 91.385006904602,
        "mean": 38.65220546722399,
        "standardDeviation": 27.672817465020028,