{
  "schemaVersion": 1,
  "suite": "microsoft-excel-live-recalculation-performance",
  "generatedAt": "2026-05-06T17:08:46.274Z",
  "host": {
    "arch": "arm64",
    "platform": "darwin"
  },
  "source": {
    "artifactGenerator": "scripts/gen-microsoft-excel-live-recalculation-scorecard.ts",
    "implementationPackage": "packages/headless",
    "evidenceKind": "live-local-microsoft-excel-automation",
    "appleScriptTransport": "osascript"
  },
  "benchmark": {
    "sampleCount": 5,
    "warmupCount": 1,
    "screenUpdating": false,
    "calculationMode": "manual-during-measurement"
  },
  "microsoftExcel": {
    "appPath": "/Applications/Microsoft Excel.app",
    "version": "16.108.2"
  },
  "summary": {
    "allRequiredCasesPassed": true,
    "requiredCaseCount": 4,
    "tenXMeanAndP95CaseCount": 4,
    "workpaperWins": 4,
    "coveredWorkloads": [
      "dirty-fanout-edit",
      "suspended-batch-single-column-edit",
      "conditional-aggregation-criteria-edit",
      "full-rebuild-recalculate"
    ],
    "googleSheetsEvidence": "not-covered-by-this-artifact"
  },
  "cases": [
    {
      "id": "excel-live-recalculation-dirty-fanout-edit",
      "workload": "dirty-fanout-edit",
      "fixture": {
        "rowCount": 1,
        "formulaCount": 1000,
        "materializedCells": 1001
      },
      "sampleCount": 5,
      "workpaperElapsedMs": {
        "samples": [0.3668330000000424, 0.4569999999994252, 0.5022089999997661, 0.6832500000000437, 0.8651250000000346],
        "min": 0.3668330000000424,
        "median": 0.5022089999997661,
        "p95": 0.8651250000000346,
        "max": 0.8651250000000346,
        "mean": 0.5748833999998624,
        "standardDeviation": 0.1780149093291803,
        "relativeStandardDeviation": 0.30965393909308025,
        "standardError": 0.07961068765370172,
        "confidence95": {
          "low": 0.41884645219860706,
          "high": 0.7309203478011177
        }
      },
      "microsoftExcelElapsedMs": {
        "samples": [19.659996032715, 52.958011627197, 57.421088218689, 63.056945800781, 70.60694694519],
        "min": 19.659996032715,
        "median": 57.421088218689,
        "p95": 70.60694694519,
        "max": 70.60694694519,
        "mean": 52.740597724914394,
        "standardDeviation": 17.560831076395246,
        "relativeStandardDeviation": 0.3329660988673171,
        "standardError": 7.853442405642114,
        "confidence95": {
          "low": 37.347850609855854,
          "high": 68.13334483997293
        }
      },
      "workpaperToMicrosoftExcelMeanRatio": 0.010900206383673394,
      "workpaperToMicrosoftExcelP95Ratio": 0.012252689535940485,
      "tenXMeanAndP95": true,
      "verification": {
        "workpaper": {
          "terminalValue": 1007,
          "width": 1001
        },
        "microsoftExcel": {
          "terminalValue": 1007,
          "width": 1001
        },
        "equivalent": true
      },
      "passed": true
    },
    {
      "id": "excel-live-recalculation-suspended-batch-single-column-edit",
      "workload": "suspended-batch-single-column-edit",
      "fixture": {
        "rowCount": 1000,
        "formulaCount": 1000,
        "materializedCells": 2000
      },
      "sampleCount": 5,
      "workpaperElapsedMs": {
        "samples": [0.7727079999986017, 0.982625000000553, 1.4874999999992724, 1.9357090000003154, 3.4946670000008453],
        "min": 0.7727079999986017,
        "median": 1.4874999999992724,
        "p95": 3.4946670000008453,
        "max": 3.4946670000008453,
        "mean": 1.7346417999999175,
        "standardDeviation": 0.9685083062037332,
        "relativeStandardDeviation": 0.5583333148110343,
        "standardError": 0.4331300818889457,
        "confidence95": {
          "low": 0.885706839497584,
          "high": 2.5835767605022513
        }
      },
      "microsoftExcelElapsedMs": {
        "samples": [8.944988250732, 23.390054702759, 32.52899646759, 57.85596370697, 68.449020385742],
        "min": 8.944988250732,
        "median": 32.52899646759,
        "p95": 68.449020385742,
        "max": 68.449020385742,
        "mean": 38.233804702758604,
        "standardDeviation": 21.94859860209212,
        "relativeStandardDeviation": 0.5740626331260333,
        "standardError": 9.815711697026966,
        "confidence95": {
          "low": 18.99500977658575,
          "high": 57.47259962893146
        }
      },
      "workpaperToMicrosoftExcelMeanRatio": 0.045369322082527704,
      "workpaperToMicrosoftExcelP95Ratio": 0.0510550330787318,
      "tenXMeanAndP95": true,
      "verification": {
        "workpaper": {
          "sampleFormulaValue": 13986,
          "height": 1000
        },
        "microsoftExcel": {
          "sampleFormulaValue": 13986,
          "height": 1000
        },
        "equivalent": true
      },
      "passed": true
    },
    {
      "id": "excel-live-recalculation-conditional-aggregation-criteria-edit",
      "workload": "conditional-aggregation-criteria-edit",
      "fixture": {
        "rowCount": 1000,
        "formulaCount": 16,
        "materializedCells": 2020
      },
      "sampleCount": 5,
      "workpaperElapsedMs": {
        "samples": [0.764500000001135, 0.7664580000000569, 0.9243750000005093, 1.1010419999984151, 1.201999999999316],
        "min": 0.764500000001135,
        "median": 0.9243750000005093,
        "p95": 1.201999999999316,
        "max": 1.201999999999316,
        "mean": 0.9516749999998865,
        "standardDeviation": 0.17610122885812599,
        "relativeStandardDeviation": 0.1850434537611548,
        "standardError": 0.07875486372960347,
        "confidence95": {
          "low": 0.7973154670898637,
          "high": 1.1060345329099093
        }
      },
      "microsoftExcelElapsedMs": {
        "samples": [21.867036819458, 22.634029388428, 23.426055908203, 25.647044181824, 110.027074813843],
        "min": 21.867036819458,
        "median": 23.426055908203,
        "p95": 110.027074813843,
        "max": 110.027074813843,
        "mean": 40.7202482223512,
        "standardDeviation": 34.67645215975811,
        "relativeStandardDeviation": 0.8515776222779586,
        "standardError": 15.507780849547704,
        "confidence95": {
          "low": 10.324997757237703,
          "high": 71.11549868746471
        }
      },
      "workpaperToMicrosoftExcelMeanRatio": 0.02337105105065434,
      "workpaperToMicrosoftExcelP95Ratio": 0.010924583808421734,
      "tenXMeanAndP95": true,
      "verification": {
        "workpaper": {
          "sampleSumValue": 250000,
          "sampleCountValue": 500
        },
        "microsoftExcel": {
          "sampleSumValue": 250000,
          "sampleCountValue": 500
        },
        "equivalent": true
      },
      "passed": true
    },
    {
      "id": "excel-live-recalculation-full-rebuild-recalculate",
      "workload": "full-rebuild-recalculate",
      "fixture": {
        "rowCount": 1000,
        "formulaCount": 4000,
        "materializedCells": 6000
      },
      "sampleCount": 5,
      "workpaperElapsedMs": {
        "samples": [3.4597079999985, 3.5804170000010345, 3.6612500000010186, 3.9219999999986612, 5.367833000000246],
        "min": 3.4597079999985,
        "median": 3.6612500000010186,
        "p95": 5.367833000000246,
        "max": 5.367833000000246,
        "mean": 3.998241599999892,
        "standardDeviation": 0.7013918388019842,
        "relativeStandardDeviation": 0.17542507656415837,
        "standardError": 0.31367196608496223,
        "confidence95": {
          "low": 3.383444546473366,
          "high": 4.613038653526418
        }
      },
      "microsoftExcelElapsedMs": {
        "samples": [28.286099433899, 28.872966766357, 43.297052383423, 74.100017547607, 115.978956222534],
        "min": 28.286099433899,
        "median": 43.297052383423,
        "p95": 115.978956222534,
        "max": 115.978956222534,
        "mean": 58.107018470764004,
        "standardDeviation": 33.37121299978181,